<?xml version="1.0" encoding="UTF-8"?>
<uptime xmlns:xsi="http://www.w3.org/2001/XMLSchema-instance" xsi:schemaLocation="http://www.uptimesoftware.com/erdc/erdc erdc" xmlns="http://www.uptimesoftware.com/erdc/erdc" xmlns:upt="http://www.uptimesoftware.com/erdc/erdc" version="4.0" target_grouping="other">
	<class>Windows Uptime</class>
	<exec>com.uptimesoftware.uptime.erdc.MonitorCustomScriptRunner</exec>
	<erdc_version>2.1</erdc_version>
    <category>Operating System Monitors</category>
    <category_related>Advanced and Script Monitors</category_related>
    <grid_info>
        <supported_versions>7.3</supported_versions>
        <supported_platforms>windows</supported_platforms>
        <upgrade_in_place>true</upgrade_in_place>
        <requires_agent_scripts>false</requires_agent_scripts>
    </grid_info>
	<elements>
		<element name="process_windows" parameter_type="input" data_type="string" gui_basic="1" range_type="0">
			<control_options> size:40 </control_options>
			<default_value>scripts/MonitorWindowsUptime/upt_systemuptime.bat</default_value>
			<short_description>Script Name</short_description>
			<long_description>Name of the script/binary/process to be executed by up.time </long_description>
			<validation_rule><alphanumeric/></validation_rule>
			<error_message><alphanumeric>required field</alphanumeric></error_message>
			<gui_type><string/></gui_type>
		</element>
		<element name='username' parameter_type='input' data_type='string' gui_basic='1' range_type='0' units=''>
			<control_options>size:8</control_options>
			<default_value></default_value>
			<validation_rule/><error_message/>
			<short_description>Username</short_description>
			<long_description>Username</long_description>
			<gui_type><string/></gui_type>
		</element>
		<element name='Password' parameter_type='input' data_type='string' gui_basic='1' range_type='0' units=''>
			<control_options>size:8</control_options>
			<default_value></default_value>
			<validation_rule/><error_message/>
			<short_description>Password</short_description>
			<long_description>Password</long_description>
			<gui_type>
				<password/>
			</gui_type>
		</element>
		<element name='SystemUptime' parameter_type='output' data_type='integer' gui_basic='' range_type='0' units='Days'>
			<control_options>size:8</control_options>
			<default_value></default_value>
			<short_description>System Uptime</short_description>
			<long_description>Uptime in Days</long_description>
			<validation_rule/>
			<error_message/>
			<gui_type><integer/></gui_type>
		</element>
		<element name="timer" parameter_type="output" data_type="integer" gui_basic="0" range_type="0" units="ms">
			<control_options>size:8</control_options>
			<default_value/>
			<short_description>Response time</short_description>
			<long_description>Response time in ms</long_description>
			<validation_rule/>
			<error_message/>
			<gui_type><integer/></gui_type>
		</element>
	</elements>
	<help>Get Windows Uptime from remote server via WMI</help>
</uptime>




